ID,name,x,y,z,Rx,Ry,Rz,Result
0,Test0,7,5,0,0,0,45,OK
1,Test1,0,0,0,0,0,0,NG
2,Test2,5,5,5,0,0,0,NG
3,Test3,6,3,3,30,30,30,OK
4,jack,-1.457143,3.257143,2.357143,30,30,30,OK
5,Bob,1.885714,-2.4,0.1714286,30,122.5715,30,OK
