ID,name,x,y,z,Rx,Ry,Rz,Result
0,Test0,7,5,0,0,0,45,OK
1,Test1,0,0,0,0,0,0,NG
2,Test2,5,5,5,0,0,0,NG
3,Test3,6,3,3,30,30,30,OK
4,john,5.485714,3,3,30,30,30,OK
5,Jack,5.485714,4.671429,-0.8571423,-216.8571,35.14286,30,OK
